Ngˆy,S_ l__ng user __ng nh_p
,
20230601,26678
20230602,37682
20230603,10393
20230604,8164
20230605,44938
20230606,33707
20230607,38864
20230608,42102
20230609,30175
20230610,11403
20230611,7356
20230612,37290
20230613,15754
20230614,39676
20230615,22023
20230616,39971
20230617,7348
20230618,6606
20230619,39943
20230620,36264
20230621,41116
20230622,33384
20230623,37510
20230624,9841
20230625,6200
20230626,43669
20230627,19959
20230628,37664
20230629,28417
20230630,37850